<keymap version="1" name="macOS copy" parent="Mac OS X 10.5+">
  <action id="Console.TableResult.Reload" />
  <action id="DatabaseView.PropertiesAction" />
  <action id="EditorDown">
    <keyboard-shortcut first-keystroke="down" />
    <keyboard-shortcut first-keystroke="meta j" />
  </action>
  <action id="EditorLineEnd">
    <keyboard-shortcut first-keystroke="meta period" />
  </action>
  <action id="EditorLineEndWithSelection">
    <keyboard-shortcut first-keystroke="shift meta colon" />
  </action>
  <action id="EditorLineStart">
    <keyboard-shortcut first-keystroke="home" />
    <keyboard-shortcut first-keystroke="meta left" />
    <keyboard-shortcut first-keystroke="meta comma" />
  </action>
  <action id="EditorLineStartWithSelection">
    <keyboard-shortcut first-keystroke="shift home" />
    <keyboard-shortcut first-keystroke="shift meta left" />
    <keyboard-shortcut first-keystroke="shift meta semicolon" />
  </action>
  <action id="EditorNextWord">
    <keyboard-shortcut first-keystroke="alt right" />
    <keyboard-shortcut first-keystroke="ctrl alt f" />
    <keyboard-shortcut first-keystroke="meta i" />
  </action>
  <action id="EditorNextWordWithSelection">
    <keyboard-shortcut first-keystroke="shift alt right" />
    <keyboard-shortcut first-keystroke="shift ctrl alt f" />
    <keyboard-shortcut first-keystroke="shift meta i" />
  </action>
  <action id="EditorPreviousWord">
    <keyboard-shortcut first-keystroke="alt left" />
    <keyboard-shortcut first-keystroke="ctrl alt b" />
    <keyboard-shortcut first-keystroke="meta u" />
  </action>
  <action id="EditorPreviousWordWithSelection">
    <keyboard-shortcut first-keystroke="shift alt left" />
    <keyboard-shortcut first-keystroke="shift ctrl alt b" />
    <keyboard-shortcut first-keystroke="shift meta u" />
  </action>
  <action id="EditorRight">
    <keyboard-shortcut first-keystroke="right" />
    <keyboard-shortcut first-keystroke="ctrl f" />
    <keyboard-shortcut first-keystroke="meta l" />
  </action>
  <action id="EditorToggleCase" />
  <action id="ExternalSystem.ProjectRefreshAction" />
  <action id="FileChooser.TogglePathShowing" />
  <action id="Git.Stage.Refresh" />
  <action id="Github.PullRequest.Comments.Reload" />
  <action id="Github.PullRequest.Details.Reload" />
  <action id="GotoClass">
    <keyboard-shortcut first-keystroke="meta p" />
  </action>
  <action id="GotoLine" />
  <action id="GotoRow" />
  <action id="InsertLiveTemplate" />
  <action id="ParameterInfo" />
  <action id="Refresh" />
  <action id="Replace" />
  <action id="Rerun" />
  <action id="ShelveChanges.UnshelveWithDialog" />
  <action id="ShowSettings">
    <keyboard-shortcut first-keystroke="shift meta underscore" />
  </action>
  <action id="Svn.RefreshWorkingCopies" />
  <action id="Terminal.ClearBuffer">
    <keyboard-shortcut first-keystroke="meta k" />
  </action>
  <action id="Vcs.Log.FocusTextFilter" />
  <action id="Vcs.Log.Refresh" />
  <action id="org.intellij.plugins.markdown.ui.actions.editorLayout.CyclicSplitLayoutChangeAction" />
</keymap>
