<keymap version="1" name="Sublime Text (macOS) copy" parent="Sublime Text (Mac OS X)">
  <action id="$SearchWeb">
    <keyboard-shortcut first-keystroke="shift ctrl alt l" />
  </action>
  <action id="ActivateCommitToolWindow" />
  <action id="ActivateFavoritesToolWindow" />
  <action id="ActivateFindToolWindow" />
  <action id="ActivateProjectToolWindow">
    <keyboard-shortcut first-keystroke="meta b" />
  </action>
  <action id="ActivateRunToolWindow" />
  <action id="ChangesView.ShelveSilently" />
  <action id="CollapseAllRegions" />
  <action id="CollapseBlock" />
  <action id="CollapseExpandableComponent">
    <keyboard-shortcut first-keystroke="meta subtract" />
    <keyboard-shortcut first-keystroke="meta minus" />
  </action>
  <action id="CollapseSelection" />
  <action id="CommentByBlockComment">
    <keyboard-shortcut first-keystroke="meta alt slash" />
    <keyboard-shortcut first-keystroke="meta alt divide" />
    <keyboard-shortcut first-keystroke="shift ctrl slash" />
    <keyboard-shortcut first-keystroke="shift ctrl divide" />
    <keyboard-shortcut first-keystroke="shift meta divide" />
    <keyboard-shortcut first-keystroke="shift meta divide" />
  </action>
  <action id="CommentByLineComment">
    <keyboard-shortcut first-keystroke="meta slash" />
    <keyboard-shortcut first-keystroke="meta divide" />
    <keyboard-shortcut first-keystroke="shift meta slash" />
    <keyboard-shortcut first-keystroke="shift meta 7" />
  </action>
  <action id="Compile" />
  <action id="Console.SplitLine" />
  <action id="Console.TableResult.EditValueMaximized">
    <keyboard-shortcut first-keystroke="shift alt enter" />
  </action>
  <action id="Console.TableResult.Reload" />
  <action id="DatabaseView.PropertiesAction" />
  <action id="Editor SearchWeb">
    <keyboard-shortcut first-keystroke="shift ctrl alt l" />
  </action>
  <action id="EditorDecreaseFontSize" />
  <action id="EditorDeleteToLineEnd" />
  <action id="EditorDeleteToLineStart">
    <keyboard-shortcut first-keystroke="meta back_space" />
  </action>
  <action id="EditorDown">
    <keyboard-shortcut first-keystroke="down" />
    <keyboard-shortcut first-keystroke="meta j" />
  </action>
  <action id="EditorDownWithSelection">
    <keyboard-shortcut first-keystroke="shift down" />
    <keyboard-shortcut first-keystroke="shift meta j" />
  </action>
  <action id="EditorIncreaseFontSize" />
  <action id="EditorJoinLines" />
  <action id="EditorLeft">
    <keyboard-shortcut first-keystroke="left" />
    <keyboard-shortcut first-keystroke="ctrl b" />
    <keyboard-shortcut first-keystroke="meta h" />
  </action>
  <action id="EditorLeftWithSelection">
    <keyboard-shortcut first-keystroke="shift left" />
    <keyboard-shortcut first-keystroke="shift meta h" />
  </action>
  <action id="EditorLineEnd">
    <keyboard-shortcut first-keystroke="meta period" />
  </action>
  <action id="EditorLineEndWithSelection">
    <keyboard-shortcut first-keystroke="shift meta colon" />
    <keyboard-shortcut first-keystroke="shift meta period" />
  </action>
  <action id="EditorLineStart">
    <keyboard-shortcut first-keystroke="home" />
    <keyboard-shortcut first-keystroke="meta left" />
    <keyboard-shortcut first-keystroke="meta comma" />
  </action>
  <action id="EditorLineStartWithSelection">
    <keyboard-shortcut first-keystroke="shift home" />
    <keyboard-shortcut first-keystroke="shift meta left" />
    <keyboard-shortcut first-keystroke="shift meta semicolon" />
    <keyboard-shortcut first-keystroke="shift meta comma" />
  </action>
  <action id="EditorNextWord">
    <keyboard-shortcut first-keystroke="alt right" />
    <keyboard-shortcut first-keystroke="ctrl alt f" />
    <keyboard-shortcut first-keystroke="meta i" />
  </action>
  <action id="EditorNextWordWithSelection">
    <keyboard-shortcut first-keystroke="shift alt right" />
    <keyboard-shortcut first-keystroke="shift ctrl alt f" />
    <keyboard-shortcut first-keystroke="shift meta i" />
  </action>
  <action id="EditorPreviousWord">
    <keyboard-shortcut first-keystroke="alt left" />
    <keyboard-shortcut first-keystroke="ctrl alt b" />
    <keyboard-shortcut first-keystroke="meta u" />
  </action>
  <action id="EditorPreviousWordWithSelection">
    <keyboard-shortcut first-keystroke="shift alt left" />
    <keyboard-shortcut first-keystroke="shift ctrl alt b" />
    <keyboard-shortcut first-keystroke="shift meta u" />
  </action>
  <action id="EditorRight">
    <keyboard-shortcut first-keystroke="right" />
    <keyboard-shortcut first-keystroke="ctrl f" />
    <keyboard-shortcut first-keystroke="meta l" />
  </action>
  <action id="EditorRightWithSelection">
    <keyboard-shortcut first-keystroke="shift right" />
    <keyboard-shortcut first-keystroke="shift meta l" />
  </action>
  <action id="EditorScrollToCenter">
    <keyboard-shortcut first-keystroke="ctrl l" />
  </action>
  <action id="EditorSelectLine" />
  <action id="EditorSelectWord">
    <keyboard-shortcut first-keystroke="shift meta a" />
    <keyboard-shortcut first-keystroke="shift meta space" />
    <keyboard-shortcut first-keystroke="shift ctrl m" />
  </action>
  <action id="EditorSplitLine" />
  <action id="EditorToggleCase" />
  <action id="EditorUp">
    <keyboard-shortcut first-keystroke="up" />
    <keyboard-shortcut first-keystroke="ctrl p" />
    <keyboard-shortcut first-keystroke="meta k" />
  </action>
  <action id="EditorUpWithSelection">
    <keyboard-shortcut first-keystroke="shift up" />
    <keyboard-shortcut first-keystroke="shift meta k" />
  </action>
  <action id="ExpandAllRegions" />
  <action id="ExpandExpandableComponent">
    <keyboard-shortcut first-keystroke="meta add" />
    <keyboard-shortcut first-keystroke="meta equals" />
  </action>
  <action id="ExternalSystem.ProjectRefreshAction" />
  <action id="FindNext" />
  <action id="GotoImplementation">
    <keyboard-shortcut first-keystroke="meta alt b" />
    <keyboard-shortcut first-keystroke="meta o" />
  </action>
  <action id="GotoLine">
    <keyboard-shortcut first-keystroke="ctrl g" />
    <keyboard-shortcut first-keystroke="meta g" />
  </action>
  <action id="Jdbc.OpenConsole.New" />
  <action id="MethodDown">
    <keyboard-shortcut first-keystroke="ctrl down" />
    <keyboard-shortcut first-keystroke="alt j" />
  </action>
  <action id="MethodUp">
    <keyboard-shortcut first-keystroke="alt k" />
  </action>
  <action id="MoveLineDown">
    <keyboard-shortcut first-keystroke="ctrl meta down" />
    <keyboard-shortcut first-keystroke="ctrl meta j" />
  </action>
  <action id="MoveLineUp">
    <keyboard-shortcut first-keystroke="ctrl meta up" />
    <keyboard-shortcut first-keystroke="ctrl meta k" />
  </action>
  <action id="NextTab">
    <keyboard-shortcut first-keystroke="shift meta close_bracket" />
    <keyboard-shortcut first-keystroke="meta alt right" />
    <keyboard-shortcut first-keystroke="ctrl page_down" />
    <keyboard-shortcut first-keystroke="meta #10000a1" />
  </action>
  <action id="OpenFile" />
  <action id="OpenInRightSplit">
    <mouse-shortcut keystroke="alt button1 doubleClick" />
  </action>
  <action id="PasteMultiple">
    <keyboard-shortcut first-keystroke="meta alt v" />
  </action>
  <action id="PreviousTab">
    <keyboard-shortcut first-keystroke="shift meta open_bracket" />
    <keyboard-shortcut first-keystroke="meta alt left" />
    <keyboard-shortcut first-keystroke="ctrl page_up" />
    <keyboard-shortcut first-keystroke="meta #10000ba" />
  </action>
  <action id="ShowIntentionActions">
    <keyboard-shortcut first-keystroke="alt enter" />
    <keyboard-shortcut first-keystroke="shift enter" />
  </action>
  <action id="ShowSettings" />
  <action id="Terminal.ClearBuffer" />
  <action id="Vcs.Log.FocusTextFilter" />
  <action id="Vcs.Push" />
</keymap>